Barcode,TLS_2_cat
AAACAGAGCGACTCCT-1,NO_TLS
AAACAGGGTCTATATT-1,NO_TLS
AAACCGTTCGTCCAGG-1,NO_TLS
AAACCTAAGCAGCCGG-1,NO_TLS
AAACCTCATGAAGTTG-1,NO_TLS
AAACGAGACGGTTGAT-1,NO_TLS
AAACGGGCGTACGGGT-1,NO_TLS
AAACGGTTGCGAACTG-1,NO_TLS
AAACTCGGTTCGCAAT-1,NO_TLS
AAACTGCTGGCTCCAA-1,NO_TLS
AAACTTGCAAACGTAT-1,NO_TLS
AAAGGCTACGGACCAT-1,NO_TLS
AAAGGCTCTCGCGCCG-1,NO_TLS
AAAGTAGCATTGCTCA-1,NO_TLS
AAAGTCGACCCTCAGT-1,NO_TLS
AAATACCTATAAGCAT-1,NO_TLS
AAATCGTGTACCACAA-1,NO_TLS
AAATGGCCCGTGCCCT-1,NO_TLS
AAATTAACGGGTAGCT-1,NO_TLS
AAATTGATAGTCCTTT-1,NO_TLS
AAATTTGCGGGTGTGG-1,NO_TLS
AACAATACATTGTCGA-1,NO_TLS
AACACACGCTCGCCGC-1,NO_TLS
AACACGAGACGCGGCC-1,NO_TLS
AACAGCTGTGTGGCAA-1,NO_TLS
AACATTGTGACTCGAG-1,NO_TLS
AACCAAGACTTCTCTG-1,NO_TLS
AACCCGACAACCCGTG-1,NO_TLS
AACCGAGCTTGGTCAT-1,NO_TLS
AACCTCGCTTTAGCCC-1,TLS
AACCTTTAAATACGGT-1,NO_TLS
AACCTTTACGACGTCT-1,NO_TLS
AACGATAATGCCGTAG-1,NO_TLS
AACGATATGTCAACTG-1,NO_TLS
AACGCGACCTTGGGCG-1,NO_TLS
AACGCTGTTGCTGAAA-1,NO_TLS
AACGGACGTACGTATA-1,NO_TLS
AACGGCCATCTCCGGT-1,NO_TLS
AACGTACTGTGGGTAC-1,NO_TLS
AACTAGGCTTGGGTGT-1,NO_TLS
AACTCCAGAGCGTGTT-1,NO_TLS
AACTCTCAGTGTGCTC-1,NO_TLS
AAGACCCAACTGAACA-1,NO_TLS
AAGAGCTCTTTATCGG-1,NO_TLS
AAGAGGATGTACGCGA-1,NO_TLS
AAGAGGCATGGATCGC-1,NO_TLS
AAGATGGCACCGGACC-1,NO_TLS
AAGCACCCTGCGTATC-1,NO_TLS
AAGCATACTCTCCTGA-1,NO_TLS
AAGCGTCCCTCATCGA-1,NO_TLS
AAGCTAGATCGAGTAA-1,NO_TLS
AAGCTCGTGCCAAGTC-1,NO_TLS
AAGGGACTATGCATTC-1,NO_TLS
AAGGTATCCTAATATA-1,NO_TLS
AAGTAGTGACGCGAGG-1,NO_TLS
AAGTCTTCTGTGGCCT-1,NO_TLS
AAGTGAGTCGGGTTTA-1,NO_TLS
AAGTGCGTTAGAATCT-1,NO_TLS
AAGTGTTTGGAGACGG-1,NO_TLS
AAGTTCACTCCAAGCT-1,TLS
AATAACAACGCTCGGC-1,NO_TLS
AATAACACTAGAACAA-1,NO_TLS
AATAGAACAGAGTGGC-1,NO_TLS
AATAGAATCTGTTTCA-1,NO_TLS
AATAGTCCGTCCCGAC-1,NO_TLS
AATATTGGAGTATTGA-1,NO_TLS
AATCGCCTCAGCGCCA-1,NO_TLS
AATCTAGGTTTACTTG-1,NO_TLS
AATCTCTACTGTGGTT-1,NO_TLS
AATCTGGCTTTCTAGT-1,NO_TLS
AATGACAGCAATGTCT-1,NO_TLS
AATGACGTAGGATGTC-1,NO_TLS
AATTAAAGGTCGGCGT-1,NO_TLS
AATTAACGGATTTCCA-1,NO_TLS
AATTAGCGCTGCAGCG-1,NO_TLS
AATTCCAAGCATGTAC-1,NO_TLS
AATTCGATTCGAGGAT-1,NO_TLS
AATTCTAGAGTTAGGC-1,NO_TLS
AATTGAACGCTCTGGT-1,NO_TLS
ACAAAGAAGGTAGGCC-1,NO_TLS
ACAAATCGCACCGAAT-1,NO_TLS
ACAAATGGTAGTGTTT-1,NO_TLS
ACAAGGAAATCCGCCC-1,NO_TLS
ACAAGGATGCTTTAGG-1,TLS
ACAAGGGCAGGCTCTG-1,NO_TLS
ACAATCCATTTAAACC-1,NO_TLS
ACAATGAATACGGAGA-1,NO_TLS
ACACACCAGGACCAGT-1,NO_TLS
ACACGAGACTCCTTCT-1,NO_TLS
ACACTGATCAAGGTGT-1,NO_TLS
ACAGAACTGAGAACAA-1,NO_TLS
ACAGGCTTGCCCGACT-1,NO_TLS
ACAGGTGGAGGTGAGG-1,NO_TLS
ACAGGTGTGTTGTTGC-1,NO_TLS
ACAGTAATACAACTTG-1,NO_TLS
ACATCCCGGCCATACG-1,NO_TLS
ACATCGATCGTTTACC-1,NO_TLS
ACATCGGTCAGCCGCG-1,NO_TLS
ACATCGTATGCAATGG-1,NO_TLS
ACATTAGTTTATATCC-1,NO_TLS
ACCAACGCTTATTTAT-1,NO_TLS
ACCAATATGCAAGTTA-1,NO_TLS
ACCACGTGCAGCTATA-1,NO_TLS
ACCAGACCATAACAAC-1,NO_TLS
ACCATCGTATATGGTA-1,NO_TLS
ACCCATCTTGAGGGTA-1,NO_TLS
ACCCGAGCGAAATTAC-1,NO_TLS
ACCCGGAAACTCCCAG-1,NO_TLS
ACCCGGTTACACTTCC-1,NO_TLS
ACCCGTGTCATCAGTA-1,NO_TLS
ACCCTATGCCATATCG-1,NO_TLS
ACCCTCCCTTGCTATT-1,NO_TLS
ACCGACACATCTCCCA-1,NO_TLS
ACCGCAATAACTGCCT-1,NO_TLS
ACCGTGACCACGTGGG-1,NO_TLS
ACCTAAGTACCTTTCA-1,NO_TLS
ACCTGCGTGTCATGTT-1,NO_TLS
ACGACTGGTCATACTC-1,NO_TLS
ACGAGGATACCACTCT-1,NO_TLS
ACGATACATAGAACTA-1,NO_TLS
ACGATGCATATGTTAT-1,NO_TLS
ACGCAAACTAATAGAT-1,NO_TLS
ACGCATTCGTGAGTAC-1,NO_TLS
ACGCCGCTAGACGACC-1,NO_TLS
ACGCGAAGTCAGACGA-1,NO_TLS
ACGCGGGCCAAGGACA-1,NO_TLS
ACGCTGTGAGGCGTAG-1,NO_TLS
ACGGACTCTCAAAGCG-1,NO_TLS
ACGGATGGTGCGGATA-1,NO_TLS
ACGGCACTTGCTTGGG-1,NO_TLS
ACGGCCAACATGGACT-1,NO_TLS
ACGGCGACGATGGGAA-1,NO_TLS
ACGGGAGTGTCGGCCC-1,NO_TLS
ACGTGACAAAGTAAGT-1,NO_TLS
ACGTTAATGTCGAAGA-1,NO_TLS
ACGTTAGATTTGCCCG-1,NO_TLS
ACGTTCGTTCAGGAAA-1,NO_TLS
ACTACGCGTTAGAATT-1,NO_TLS
ACTATTTCCGGGCCCA-1,NO_TLS
ACTCAAGTGCAAGGCT-1,TLS
ACTCAATAAAGGCACG-1,NO_TLS
ACTCCCATTCCTAAAG-1,NO_TLS
ACTCCCTAATGCTAAA-1,NO_TLS
ACTCGTAACCCGTCCT-1,NO_TLS
ACTCGTCAGTAATCCC-1,NO_TLS
ACTCTCTGACTTAGGT-1,NO_TLS
ACTGAAACGCCGTTAG-1,NO_TLS
ACTGAATGGCGAAAGT-1,NO_TLS
ACTGCTCGGAAGGATG-1,NO_TLS
ACTGTACGATACACAT-1,NO_TLS
ACTTACGCATCCACGC-1,NO_TLS
ACTTATTTATGTGCCA-1,NO_TLS
ACTTCAGGCTGATCCC-1,NO_TLS
ACTTCCATGCGGGACA-1,TLS
ACTTGACTCCCTCTTT-1,NO_TLS
ACTTTGACTGCATCCT-1,NO_TLS
AGAAGGTACACTTCAC-1,NO_TLS
AGAAGGTTGCCGAATT-1,NO_TLS
AGAAGGTTGTAGGTCG-1,NO_TLS
AGAAGTGATTCGTGAT-1,NO_TLS
AGAATAAATCTTCAGG-1,NO_TLS
AGACCAAACCACACCT-1,NO_TLS
AGACCCACCGCTGATC-1,NO_TLS
AGACGACGATGCCGCT-1,NO_TLS
AGACTGTTACCGGGTC-1,NO_TLS
AGAGAAGGAGTACAAT-1,NO_TLS
AGATACCGGTGTTCAC-1,NO_TLS
AGATACTCAAGATCGA-1,NO_TLS
AGATATAATACGACTA-1,NO_TLS
AGATCTCAGGTGTGAT-1,NO_TLS
AGATGAGGGTTGCGAT-1,NO_TLS
AGATGCAAGACGTGCA-1,NO_TLS
AGATGCATCCTGTGTC-1,NO_TLS
AGATTATAGGACGTTT-1,NO_TLS
AGCAAAGGCCGCTAGT-1,NO_TLS
AGCAACCGAAAGTAAT-1,NO_TLS
AGCACTACCGGCCTGT-1,NO_TLS
AGCACTACCTCACCAG-1,NO_TLS
AGCAGAAGGAGAAAGA-1,NO_TLS
AGCAGCCAGATGAATA-1,NO_TLS
AGCCAAGCTTTGTGTC-1,NO_TLS
AGCCACAGGTTACCCG-1,TLS
AGCCACTCCCGTGCTT-1,NO_TLS
AGCCGCAAATTCAAAT-1,NO_TLS
AGCCGTGGCTAAATGT-1,NO_TLS
AGCCTAATACCCACGT-1,NO_TLS
AGCGCATAATGAATCG-1,NO_TLS
AGCGGACACTTCGTAG-1,NO_TLS
AGCGGCGGTTAGCGGT-1,NO_TLS
AGCGTGGTATTCTACT-1,NO_TLS
AGCTAACAAGCAATGT-1,NO_TLS
AGCTAAGTACGCAGGC-1,TLS
AGCTCCTTCGCACATC-1,NO_TLS
AGCTCTAGACGTTCCA-1,NO_TLS
AGCTCTTCCCAGTGCA-1,NO_TLS
AGCTCTTTACTCAGTT-1,NO_TLS
AGGAAGCTGTCCGCCG-1,NO_TLS
AGGACGACCCATTAGA-1,NO_TLS
AGGATAAAGTCGGGAT-1,NO_TLS
AGGATCACGCGATCTG-1,NO_TLS
AGGCAGGGAGCGTACT-1,NO_TLS
AGGCCCTAGAACGCCA-1,NO_TLS
AGGCCTGAGAATCTCG-1,TLS
AGGCTTCCCGAAGAAG-1,NO_TLS
AGGGACTCTACGCGAC-1,NO_TLS
AGGGCTGCAGTTACAG-1,NO_TLS
AGGGTTTAGTTCGGGA-1,NO_TLS
AGGTAGATCGAGATAT-1,NO_TLS
AGGTAGGTACAAAGCT-1,NO_TLS
AGGTCAGGTGAGAGTG-1,NO_TLS
AGGTGGTGACCTTCGC-1,NO_TLS
AGGTGTATCGCCATGA-1,NO_TLS
AGGTTTCACACACCTT-1,NO_TLS
AGTACGGGCACCTGGC-1,NO_TLS
AGTACTCTTATGCCCA-1,TLS
AGTAGGAAGGAAGTTG-1,NO_TLS
AGTATACACAGCGACA-1,NO_TLS
AGTATGCTGGAGACCA-1,NO_TLS
AGTATTTGGCACGACC-1,NO_TLS
AGTCAACACCACCATC-1,NO_TLS
AGTCAAGATGACACTT-1,NO_TLS
AGTCCCGCCTTTAATT-1,NO_TLS
AGTCGGCTCAACTTTA-1,NO_TLS
AGTCGTATAAAGCAGA-1,NO_TLS
AGTCGTCGACCACCAA-1,NO_TLS
AGTCGTGGGCATTACG-1,NO_TLS
AGTCTCACAAGACTAC-1,NO_TLS
AGTGACCTACTTTACG-1,NO_TLS
AGTGATAACCTGCGCG-1,TLS
AGTGATATGAGTAGTT-1,NO_TLS
AGTGCGTAGCTCGTAA-1,NO_TLS
AGTGCTAAACACAGCA-1,NO_TLS
AGTGGCGTCTGAAGGT-1,TLS
AGTGGTGTTACCCGTG-1,NO_TLS
AGTGTATTGCGCATTG-1,NO_TLS
AGTTAAACACTTGCGA-1,NO_TLS
AGTTAAGTCAACCGCT-1,NO_TLS
AGTTCCTATTTATGTT-1,NO_TLS
AGTTGACGGTCCTTGC-1,NO_TLS
AGTTTGCACCTGCCTC-1,NO_TLS
AGTTTGGCCAGACCTA-1,NO_TLS
ATAAACGGACCCGTAA-1,NO_TLS
ATAAAGGCTCGGTCGT-1,NO_TLS
ATAAATATTAGCAGCT-1,NO_TLS
ATAACGCCGGAGGGTC-1,NO_TLS
ATAACGGAGTCCAACG-1,NO_TLS
ATAAGGTGGAGAACAT-1,NO_TLS
ATAAGTTACCGCGACG-1,NO_TLS
ATAATAGCTGTTGAAT-1,NO_TLS
ATAATCTTGGAGAACC-1,NO_TLS
ATAATTAGCTAAGTAG-1,NO_TLS
ATACAGGCCCTCCAAT-1,NO_TLS
ATACCTAACCAAGAAA-1,NO_TLS
ATACGCCGGCGAAACC-1,NO_TLS
ATACGGAACGTCGTTT-1,NO_TLS
ATACGTACTTAGCCAC-1,NO_TLS
ATACGTTATGCACGGA-1,NO_TLS
ATACTGCCTTACACCG-1,TLS
ATAGTGAAGCGTTCTC-1,NO_TLS
ATATAAAGCGCTCGTG-1,NO_TLS
ATATAAATGTAGCTGC-1,NO_TLS
ATATACATGTATGGTA-1,NO_TLS
ATATCGTTCCTCGAAC-1,NO_TLS
ATATCTCCCTCGTTAA-1,NO_TLS
ATATCTTAGGGCCTTC-1,NO_TLS
ATATTCAGTTAAACCT-1,NO_TLS
ATCAAACGAAGGTTTG-1,NO_TLS
ATCAGACGGCACGCCG-1,NO_TLS
ATCAGCCTCATGCTGC-1,TLS
ATCAGCTCGTCCACTA-1,NO_TLS
ATCATCCAATATTTGT-1,NO_TLS
ATCCACATCGACAGAA-1,NO_TLS
ATCCAGAGCAACAACC-1,NO_TLS
ATCCAGGATTCGTGAA-1,NO_TLS
ATCCTACCTAAGCTCT-1,NO_TLS
ATCCTGAATCGCTGCG-1,NO_TLS
ATCCTGCGTGGAATGG-1,NO_TLS
ATCGACCCAATACAGA-1,NO_TLS
ATCTAATATCCTACGG-1,NO_TLS
ATCTGACATGGAAGGA-1,NO_TLS
ATCTGCTGTTATCGCC-1,NO_TLS
ATCTGGGCTGTTCTTG-1,NO_TLS
ATGACGCGTTCTATCC-1,NO_TLS
ATGACTATCAGCTGTG-1,NO_TLS
ATGACTATGCGACATT-1,NO_TLS
ATGATGCAATGGTACA-1,NO_TLS
ATGCGACAGTCCCATT-1,NO_TLS
ATGCTCTGGCGCGGTA-1,NO_TLS
ATGGAAATTTAAGGAG-1,NO_TLS
ATGGGCCTCGGCCTCT-1,NO_TLS
ATGGTCGCGTGGTTTC-1,NO_TLS
ATGTACGATGACGTCG-1,NO_TLS
ATGTGAAAGCCTAATG-1,NO_TLS
ATGTTGTAGTCTGTTT-1,NO_TLS
ATTAAACATGCGGACC-1,NO_TLS
ATTAATGAACCAGTCG-1,NO_TLS
ATTAGGCGATGCTTTC-1,NO_TLS
ATTATTATGTCCGTCA-1,NO_TLS
ATTCACTGATGTTGGA-1,NO_TLS
ATTCATATACTGTCCA-1,NO_TLS
ATTCATCGTTGAGGCA-1,TLS
ATTCGACGCCGGGCCT-1,NO_TLS
ATTGATCACCACATTT-1,NO_TLS
ATTGCCTTTATGTTTG-1,NO_TLS
ATTGCTGCTCCTCCAT-1,NO_TLS
ATTTCCGGGTTCTGCG-1,NO_TLS
ATTTGCGCGAGTAGCT-1,NO_TLS
ATTTGTCTTGGGAGCT-1,NO_TLS
CAAACGAGTATCGCAG-1,NO_TLS
CAAAGATTATTGGGCC-1,NO_TLS
CAAATCTCTCACAAGG-1,NO_TLS
CAAATGTCCTTCCGTG-1,NO_TLS
CAACTGCTCATCCGAT-1,NO_TLS
CAAGAGGGCGGAGTAC-1,NO_TLS
CAAGATATTATAACGT-1,NO_TLS
CAAGCAACGTCGGAGT-1,NO_TLS
CAAGCGGCACATAATT-1,NO_TLS
CAAGGATCGCATGTTC-1,NO_TLS
CAATATTCTTGACCTA-1,NO_TLS
CAATGCGAGAAGTATC-1,NO_TLS
CAATTGGGCCGCACTC-1,NO_TLS
CACAATGAGCTGCTAT-1,NO_TLS
CACAGGGCCGTTGTCA-1,NO_TLS
CACATATTAGCAGGAT-1,NO_TLS
CACATCGTGCACGCGC-1,NO_TLS
CACATCTCACCGACGA-1,NO_TLS
CACATGATTCAGCAAC-1,NO_TLS
CACATTCTTTCGATGG-1,NO_TLS
CACCAATCATCCGTCT-1,NO_TLS
CACCCACGAGGCAATT-1,NO_TLS
CACCCGGTTTGTGACT-1,NO_TLS
CACCCTAACAAGATCT-1,NO_TLS
CACCCTTGGTGAGACC-1,NO_TLS
CACCGTTAGGGATCAC-1,NO_TLS
CACCGTTGCGCGATAT-1,NO_TLS
CACGAAAGTTAGTCCC-1,NO_TLS
CACGCACAGCGCAGCT-1,NO_TLS
CACGTTCGTGCTCTAG-1,NO_TLS
CACGTTTCGTACACAC-1,NO_TLS
CACTAAAGTTGCCTAT-1,NO_TLS
CACTCAAGAGCTATGG-1,NO_TLS
CACTCCTATGTAAGAT-1,NO_TLS
CACTCGAGCTGAACAA-1,NO_TLS
CACTGACGATTGTGGA-1,NO_TLS
CACTTAATCAGACGGA-1,NO_TLS
CAGAACTTAGCCCTCT-1,NO_TLS
CAGACACCGATCGCTG-1,NO_TLS
CAGACGAACCTGATAC-1,NO_TLS
CAGAGACGGTCACCCA-1,NO_TLS
CAGAGGCGATGCATGA-1,NO_TLS
CAGATGTTTGTCCCAA-1,NO_TLS
CAGCAGCCCGTTCCTT-1,NO_TLS
CAGCAGTCTGTGCTGC-1,NO_TLS
CAGCCTCCTGCAGAGG-1,NO_TLS
CAGCCTCTCCTCAAGA-1,NO_TLS
CAGCGATTCCCTTCAA-1,NO_TLS
CAGCGCCAACACGATA-1,NO_TLS
CAGCTCACTGAGACAT-1,NO_TLS
CAGCTGGCGTAACCGT-1,NO_TLS
CAGGATATATCGTTGT-1,NO_TLS
CAGGCAGTCTTACCAG-1,NO_TLS
CAGGCCGTTTGGGTGT-1,NO_TLS
CAGGCGCACGGTGGTC-1,NO_TLS
CAGGCGCCATGCTAGG-1,NO_TLS
CAGTACCAGTTTACGT-1,NO_TLS
CAGTCTGTATACTGGG-1,NO_TLS
CAGTGTCGGCTGGCCC-1,NO_TLS
CATAAGAAGCTTGGCT-1,NO_TLS
CATACACGGTTCCCAC-1,NO_TLS
CATACCCGTACCCAGT-1,NO_TLS
CATACGGCGTCTGGGC-1,NO_TLS
CATACTATGTAATTGT-1,NO_TLS
CATACTTCTTTCTCCG-1,NO_TLS
CATAGCGTTGCCCACC-1,NO_TLS
CATAGTCAAATACATA-1,NO_TLS
CATAGTCCACAAGAAC-1,NO_TLS
CATATAGGTACAGTCA-1,NO_TLS
CATATGTCAGGCTACG-1,NO_TLS
CATCATTACCCTGAGG-1,NO_TLS
CATCCTCTCAAAGATC-1,NO_TLS
CATCGGACGGGTTAAT-1,NO_TLS
CATGAGATGCACTCTC-1,NO_TLS
CATGGGTATGCCTTAT-1,NO_TLS
CATGGGTCGGGTGTGG-1,NO_TLS
CATGGTAAGTAGCGTT-1,NO_TLS
CATGTAAGAGACATTT-1,NO_TLS
CATGTCTCATTTATGG-1,NO_TLS
CATTGCGAAATGGGCG-1,NO_TLS
CATTTGAGTGGTACGT-1,NO_TLS
CCAACCTTATGTAACT-1,NO_TLS
CCAAGAAAGTGGGCGA-1,NO_TLS
CCAAGCGTAACTCGTA-1,NO_TLS
CCAATTACGGGTCGAG-1,NO_TLS
CCACAATGTACGTCTT-1,NO_TLS
CCACACTGAGATATTA-1,NO_TLS
CCACAGTACCCATCCT-1,NO_TLS
CCACATGGCTCTTTAT-1,NO_TLS
CCACCAACTTTACTGT-1,NO_TLS
CCACCCAAGGAAAGTG-1,NO_TLS
CCACGGAGCCATAAGA-1,NO_TLS
CCAGCCTGGACCAATA-1,NO_TLS
CCAGCTCGAACGCATT-1,NO_TLS
CCAGCTGATGGTACTT-1,NO_TLS
CCAGTCTTGTCATAGA-1,NO_TLS
CCATAACCTGTGCAGT-1,NO_TLS
CCATCGCAGTTAAACT-1,NO_TLS
CCATGCCTGTTTAGTA-1,NO_TLS
CCATTCCCTGCCCACA-1,NO_TLS
CCATTTCTACCTATTA-1,NO_TLS
CCCAATGAGATTTGCA-1,NO_TLS
CCCACTCCACGGTATC-1,NO_TLS
CCCAGTAAACTTGGGA-1,NO_TLS
CCCAGTTAAGGCGCCG-1,NO_TLS
CCCGCAGCGCGAACTA-1,NO_TLS
CCCGGGTCGTTCAGGG-1,NO_TLS
CCCGGTGTATCGGAAT-1,NO_TLS
CCCGTAGCTGGGAAGA-1,NO_TLS
CCCTAGGCAACAAGAG-1,NO_TLS
CCCTGACTAACAAATT-1,NO_TLS
CCCTGGCTGTTCCTTC-1,NO_TLS
CCCTTTGACAGGTCTT-1,NO_TLS
CCGAACCTTCCCGGCC-1,NO_TLS
CCGACGTAAACACAAC-1,NO_TLS
CCGATTCGAGGGACCC-1,NO_TLS
CCGCATGTGGTACGAT-1,NO_TLS
CCGCCTGCGAATTGGT-1,NO_TLS
CCGCGATTTGGTAGGT-1,NO_TLS
CCGCGGAATGCGTCAC-1,NO_TLS
CCGCTATCAGCACCAG-1,NO_TLS
CCGGCGTGAGACTCTG-1,NO_TLS
CCGGGCGGTCTCGTCA-1,NO_TLS
CCGGGTTCGAGGTTAC-1,NO_TLS
CCGGTTTGTAATTGTG-1,NO_TLS
CCGTAAGTTGGTCCCA-1,NO_TLS
CCGTATCTCGTCGTAG-1,NO_TLS
CCGTTACGTTAGAACA-1,NO_TLS
CCTAAATTAACGGTTC-1,NO_TLS
CCTAACCCAAACAAGT-1,NO_TLS
CCTACATTCACAGACG-1,NO_TLS
CCTAGGTAAAGGTAGC-1,NO_TLS
CCTATAATGAGTGCCC-1,NO_TLS
CCTATACCGTCCTGTC-1,NO_TLS
CCTATGTCCACTCCAC-1,NO_TLS
CCTCCTGAGCCCACAT-1,NO_TLS
CCTCGCGCTGTGCGAT-1,NO_TLS
CCTCGGACCGGGATAG-1,NO_TLS
CCTCTAATCTGCCAAG-1,NO_TLS
CCTCTATCGATTAGCA-1,NO_TLS
CCTCTCTCCCATCTAG-1,NO_TLS
CCTGAATATTTACATA-1,NO_TLS
CCTGACCACCGATGGT-1,NO_TLS
CCTGGTCGAATGTGGG-1,NO_TLS
CCTGTAAGACATGATA-1,NO_TLS
CCTGTCGCCCGTAAAT-1,NO_TLS
CCTGTTTGAAGACACG-1,NO_TLS
CCTTCAGTTAAAGTGA-1,NO_TLS
CCTTTAAGGGAGCACT-1,NO_TLS
CGAAACGCAATTCATG-1,NO_TLS
CGAACCCGCATGCGTC-1,NO_TLS
CGAACGGCCGGACAAC-1,NO_TLS
CGAATGACGCATAATG-1,NO_TLS
CGACAGTTCGCGTTAT-1,NO_TLS
CGACCCTTAACGCCGG-1,NO_TLS
CGACGCATCCGTACCT-1,NO_TLS
CGACTCAGGATGTTAT-1,NO_TLS
CGAGACCCTAGAGTGT-1,NO_TLS
CGAGAGATGTGAACCT-1,NO_TLS
CGAGAGCTTTCACTAC-1,TLS
CGAGGGACTGCGGTCG-1,NO_TLS
CGAGGGTATCCAGGTG-1,NO_TLS
CGAGTGAAGGTACCAG-1,NO_TLS
CGATACCTCGCGGACA-1,NO_TLS
CGATCCTCGCAACATA-1,NO_TLS
CGATCTGTTGGAGGAC-1,NO_TLS
CGATTAAATATCTCCT-1,NO_TLS
CGATTCGCCTGGCTGC-1,NO_TLS
CGCATGGTGCGATGCT-1,NO_TLS
CGCCAAGAAGCCGAGT-1,NO_TLS
CGCCACAGGTCGCGAT-1,NO_TLS
CGCCATCCGATTATGA-1,NO_TLS
CGCCCAGCACGCCTAG-1,NO_TLS
CGCCCAGCGTTTCACG-1,NO_TLS
CGCCTCCCTCCTCTAT-1,NO_TLS
CGCGAGTCTGCCGGGT-1,NO_TLS
CGCGCAAATGTCCAGA-1,NO_TLS
CGCGCATGTTTGATTG-1,NO_TLS
CGCGGGAATTAGGCAG-1,NO_TLS
CGCTATTCTTAGGCTC-1,NO_TLS
CGCTCTCCGTAGATTA-1,NO_TLS
CGCTGTGTGGATGTTG-1,NO_TLS
CGCTTAGTATTGATAC-1,NO_TLS
CGGAAAGAATCAAACG-1,NO_TLS
CGGAACGTAAACATAG-1,NO_TLS
CGGAGCAATTTAATCG-1,NO_TLS
CGGAGCATGGCGATCC-1,NO_TLS
CGGCAAACATCGTGCG-1,NO_TLS
CGGCCACGCACAAAGT-1,NO_TLS
CGGCCAGAGCGACCAT-1,NO_TLS
CGGCGCCATCAATCCC-1,NO_TLS
CGGGAATTTATGTAAA-1,NO_TLS
CGGGAGCTTCAGTGTA-1,NO_TLS
CGGGCCTTCTTTGTAA-1,NO_TLS
CGGTACTAGAATCAAA-1,NO_TLS
CGGTCCGTCGCAAGCC-1,NO_TLS
CGGTGAAGACTAAAGT-1,NO_TLS
CGGTGCAGATAGAACG-1,NO_TLS
CGGTGCGCGTTGGTCC-1,NO_TLS
CGGTGGGCTCCAGCCT-1,NO_TLS
CGTAACTTCGACACTT-1,NO_TLS
CGTCACGTCCATTGGT-1,NO_TLS
CGTCGCATGTGAGCCA-1,NO_TLS
CGTCGGGTCTAAGCGC-1,NO_TLS
CGTCGTCCTTCGCGAA-1,NO_TLS
CGTGAAGTTAATTCAC-1,NO_TLS
CGTGACCAGTCCTCTG-1,NO_TLS
CGTGCAGACTGGGACA-1,NO_TLS
CGTGCATTGTCGACGC-1,NO_TLS
CGTGCCCTCCCGAAGA-1,NO_TLS
CGTGCTTCTACCTAAA-1,NO_TLS
CGTGGTACCCAAAGGC-1,NO_TLS
CGTGTCTCGTTACGAC-1,NO_TLS
CGTTAATGTCCCGACG-1,TLS
CGTTCAGACCCGCGAA-1,NO_TLS
CGTTCATGGTGCGCGT-1,NO_TLS
CGTTGAATACCGCGCT-1,NO_TLS
CGTTGAGCGACCGTCG-1,NO_TLS
CGTTGCCCGCGTGGGA-1,NO_TLS
CGTTGTCGGCAATTGA-1,NO_TLS
CGTTGTTTCAATTCCC-1,NO_TLS
CGTTTCACTTCGGGCG-1,NO_TLS
CGTTTCGCTCATTACA-1,NO_TLS
CGTTTGTGTAGAGGGT-1,NO_TLS
CTAAAGAATGCCTACT-1,NO_TLS
CTAAAGGGAAATAGGA-1,NO_TLS
CTAAATCCGGTGTACA-1,NO_TLS
CTAACCGCGCGCCCGT-1,NO_TLS
CTAAGGGAATGATTGG-1,NO_TLS
CTACAAGAAATAACCC-1,NO_TLS
CTACGACTAGCTATAA-1,NO_TLS
CTACGCACGGAGTACC-1,NO_TLS
CTACTATCATAGGTTT-1,NO_TLS
CTACTCAAGGTATAGT-1,NO_TLS
CTAGATTTACGACGGC-1,NO_TLS
CTAGCATAGTATAATG-1,NO_TLS
CTAGGCGCCCTATCAG-1,NO_TLS
CTAGGTTCGGACGTGA-1,NO_TLS
CTAGTAGAAAGGGATT-1,NO_TLS
CTAGTCACGTCTTAAG-1,NO_TLS
CTAGTGAAGGACAGGA-1,NO_TLS
CTAGTTACAACCCGGT-1,NO_TLS
CTATAGGCGTTGATGT-1,NO_TLS
CTATCGACGAAATACA-1,NO_TLS
CTATCGGGTCTCAACA-1,NO_TLS
CTATGCCCGAATGCAA-1,NO_TLS
CTATGTGAGTCACGGC-1,NO_TLS
CTATTCATGTGTCCCA-1,NO_TLS
CTATTTGGTTACGGAT-1,NO_TLS
CTCAAACCACTGCCCG-1,NO_TLS
CTCAACTAACCCGGAT-1,TLS
CTCACATTTACTAAAT-1,NO_TLS
CTCACTGTGATACTTA-1,NO_TLS
CTCATGGTAATTTGCG-1,NO_TLS
CTCATTGCTCTAACAA-1,NO_TLS
CTCCCTCCTTTCGATC-1,NO_TLS
CTCCGCCCACATGAGG-1,NO_TLS
CTCGAGACATACGATA-1,NO_TLS
CTCGCCGAATGTAGGG-1,NO_TLS
CTCGGGTTCTCTGGCC-1,NO_TLS
CTCGGTACCACTGCTC-1,NO_TLS
CTCGGTTGTCGGCCCT-1,NO_TLS
CTCTATTTGGCTGCAG-1,NO_TLS
CTCTCTAACTGCCTAG-1,NO_TLS
CTCTTCTGGAAGTTAG-1,NO_TLS
CTCTTGTCCCGCTTGG-1,NO_TLS
CTGAATCCGAGACCTC-1,NO_TLS
CTGCACAACTACATAT-1,NO_TLS
CTGCACTCCAGTACAG-1,NO_TLS
CTGCCATGCATCACAT-1,NO_TLS
CTGCCTTTCTAGTAAA-1,NO_TLS
CTGCGTTACGATATAA-1,NO_TLS
CTGCTTGGCGATAGCT-1,NO_TLS
CTGGAAGACACGGTGG-1,NO_TLS
CTGGACGCAGTCCGGC-1,NO_TLS
CTGGATTTACACTTGA-1,NO_TLS
CTGGCATCCGAATGAG-1,NO_TLS
CTGGCTGGTTGTCAGT-1,NO_TLS
CTGGGCCTGCTATATC-1,NO_TLS
CTGGGTAGGCAGTTAA-1,NO_TLS
CTGGTAACACATAGAA-1,NO_TLS
CTGGTTTCGAGCAAGA-1,NO_TLS
CTGTACTTCTTAGCAT-1,NO_TLS
CTGTAGCCATCTCACT-1,NO_TLS
CTGTGCAGGGTAGGTC-1,NO_TLS
CTGTGGTCGGGAGATA-1,NO_TLS
CTGTTACCCAATCTAG-1,NO_TLS
CTTAAGCAGCGAGCCG-1,NO_TLS
CTTAGCCTTCCACATG-1,NO_TLS
CTTAGTGTAGTAGCAT-1,TLS
CTTCAACTCCACTTGG-1,NO_TLS
CTTCAGTGGTCGCCTA-1,NO_TLS
CTTCATTGTCAGTGGA-1,NO_TLS
CTTCCGCTCCGTGAAG-1,NO_TLS
CTTCGTAGATAGGTGA-1,NO_TLS
CTTCTATGTTGAAGTA-1,NO_TLS
CTTCTATTAATGCTAG-1,NO_TLS
CTTGCCCAGGCTCTAC-1,NO_TLS
CTTGGCCAAGCTGGGA-1,NO_TLS
CTTGTCAACATTCGAG-1,NO_TLS
CTTGTTGCTGAGTCAA-1,NO_TLS
CTTTAATATTGGTCGA-1,NO_TLS
CTTTACCGAATAGTAG-1,NO_TLS
CTTTAGTGCTATTATT-1,NO_TLS
CTTTCTGTGCGGGCTT-1,NO_TLS
CTTTGCATCGCTCTTG-1,NO_TLS
CTTTGGCTTTAGTAAA-1,NO_TLS
CTTTGGGATTGTTGCA-1,NO_TLS
GAAACCGAATTACCTT-1,NO_TLS
GAAACCTATACAAATG-1,NO_TLS
GAAAGCAGTGCACTTT-1,NO_TLS
GAAAGCCCTTTGGACC-1,NO_TLS
GAAATTAGCACGGATA-1,NO_TLS
GAAATTGTCTCTATAA-1,NO_TLS
GAACAGATTACTAAAT-1,NO_TLS
GAACCCTCTGTGTTCT-1,NO_TLS
GAACCTTTAACGATCC-1,NO_TLS
GAAGAAACGATATTGT-1,NO_TLS
GAAGCCACTGATTATG-1,NO_TLS
GAAGCCTGCACATTCC-1,NO_TLS
GAAGCGTGAGGAATTT-1,NO_TLS
GAAGCTCGGACCCGTC-1,NO_TLS
GAAGGAGTCGAGTGCG-1,NO_TLS
GAAGTCAGTTGCACTA-1,NO_TLS
GAAGTGATTTATCGTG-1,NO_TLS
GAAGTTTCCACTCAAT-1,NO_TLS
GAATAGTGCTCGATTA-1,NO_TLS
GAATCTGAACATTCTC-1,NO_TLS
GAATGCGAATCGGTTC-1,NO_TLS
GAATGTATGGCAGGTC-1,NO_TLS
GAATGTGGTCCGGATT-1,NO_TLS
GAATGTTGGGTAATCT-1,NO_TLS
GAATTATAGTGAAAGG-1,NO_TLS
GAATTCACCCGGGTGT-1,NO_TLS
GACAACGACCATTGAA-1,NO_TLS
GACACAAGGGAAGAAA-1,NO_TLS
GACACTGAGTTCAGTG-1,NO_TLS
GACAGCCAGACCTGAC-1,NO_TLS
GACATCCGTCGAACTG-1,NO_TLS
GACATCGATTTATAAC-1,NO_TLS
GACCCAATTATGATAC-1,NO_TLS
GACCGTGCTGACGGTG-1,NO_TLS
GACCGTTACATGCGAC-1,NO_TLS
GACCTTCCACGTCTAC-1,NO_TLS
GACGACGATCCGCGTT-1,NO_TLS
GACGCCGTAAAGGCTA-1,NO_TLS
GACGCTTGCTTCTAAA-1,NO_TLS
GACTACAAAGCGGTGG-1,NO_TLS
GACTAGGCCGTTAGGT-1,NO_TLS
GACTGCAAATCGAGCT-1,NO_TLS
GACTGCACCAGCCCAG-1,NO_TLS
GAGACTTCGCGACCGA-1,NO_TLS
GAGAGGGCGCGAGGTT-1,NO_TLS
GAGAGGTGCATTCTGG-1,NO_TLS
GAGATCTGTCACTCCG-1,NO_TLS
GAGATCTTCCATGACA-1,NO_TLS
GAGATGGGAGTCGACA-1,NO_TLS
GAGCACCTGTGTCCAG-1,NO_TLS
GAGCGCGCACGAGTAG-1,NO_TLS
GAGCGGAATGCGGTGT-1,NO_TLS
GAGCTAAGGGCATATC-1,NO_TLS
GAGGCCCGACTCCGCA-1,NO_TLS
GAGGGAGTCAGATCGC-1,NO_TLS
GAGTAAGGCCACGGGA-1,NO_TLS
GAGTAGATACTAGTTG-1,NO_TLS
GAGTATGCCCGCCTTG-1,NO_TLS
GAGTATGCGCGTGCAT-1,NO_TLS
GAGTCAGACCAGAATC-1,NO_TLS
GAGTCCGCTTACCGGA-1,NO_TLS
GAGTGTCAACCAGAAA-1,TLS
GAGTTGATGGCAATTT-1,NO_TLS
GATACGATGGGAGTCA-1,NO_TLS
GATAGGTAACGTTGAC-1,NO_TLS
GATATCAAGCAGGAGC-1,NO_TLS
GATATGCGGTAGCCAA-1,NO_TLS
GATATTTCCTACATGG-1,NO_TLS
GATCAACATAAAGGGA-1,NO_TLS
GATCCGGGAATTAACA-1,NO_TLS
GATCCTCGACACTGGC-1,NO_TLS
GATCGCGGGCTCTCCA-1,NO_TLS
GATCGTGACTGATATC-1,NO_TLS
GATCTAACCGTATTCA-1,NO_TLS
GATCTGCTATCTAAGG-1,NO_TLS
GATCTTGGAGGGCATA-1,NO_TLS
GATCTTTGCAGGGTAT-1,NO_TLS
GATGACAAGTAGGGCA-1,NO_TLS
GATGCTGTATTTCATC-1,NO_TLS
GATGTAACGAACCACC-1,NO_TLS
GATGTTCAATCCACGA-1,NO_TLS
GATTAACCGAAAGCCC-1,NO_TLS
GATTACTGAATTTGGG-1,NO_TLS
GATTCGACGGTTCACG-1,NO_TLS
GATTGGGAAAGGTTGT-1,NO_TLS
GCAAACCCTACATTAT-1,NO_TLS
GCAAACCTTGGCCATA-1,NO_TLS
GCAAATATTACGCTTT-1,NO_TLS
GCAACACACTAGAACT-1,NO_TLS
GCAACCACCAGACCGG-1,NO_TLS
GCACACACTGGTAGCC-1,NO_TLS
GCACGCCTACTTAGAT-1,NO_TLS
GCACTGCCTACCTTTA-1,NO_TLS
GCAGATCCATAAGACT-1,NO_TLS
GCAGGAACTTAGATCT-1,NO_TLS
GCAGGACTATAGAATA-1,NO_TLS
GCAGGTAGAGTATGGT-1,NO_TLS
GCAGTGTGGCTATAGG-1,TLS
GCATACGAGGTCTTTA-1,NO_TLS
GCATTGACTTGCGGAA-1,NO_TLS
GCCAAGAATACTTCTG-1,NO_TLS
GCCACAATTTAAGGAC-1,NO_TLS
GCCATATTGCACACAG-1,NO_TLS
GCCATCGAGCTGCGTG-1,NO_TLS
GCCCGACTTCTTCCCG-1,NO_TLS
GCCCGCGCGTAAACGG-1,NO_TLS
GCCCTAGCCGTCGCGA-1,NO_TLS
GCCGAAATTCCTACGT-1,NO_TLS
GCCGACCCACGACTGC-1,NO_TLS
GCCGATTGGCCAAGCT-1,NO_TLS
GCCGCATTAGTCCGGC-1,NO_TLS
GCCGCTTGTGAGAAAC-1,NO_TLS
GCCGGGTTAGGGTCGC-1,NO_TLS
GCCTCTATACATAGCA-1,NO_TLS
GCGAAACTTAACTGGA-1,NO_TLS
GCGAAGAATCTGACGG-1,NO_TLS
GCGACGATAGTTGTAC-1,NO_TLS
GCGAGTTCTGCAAAGA-1,NO_TLS
GCGATTGTTAACGTTA-1,NO_TLS
GCGCAAATATATTCAA-1,NO_TLS
GCGCCGTTCCACGATA-1,NO_TLS
GCGCGTCATTGGTACA-1,TLS
GCGCTAATTGAATAGA-1,NO_TLS
GCGCTATGCCGAGGCA-1,NO_TLS
GCGCTGATCCAGACTC-1,NO_TLS
GCGCTTAAATAATTGG-1,TLS
GCGGACCGCGTTGTGG-1,NO_TLS
GCGGAGAAACTTCGCA-1,NO_TLS
GCGGAGAGGGAGAACG-1,NO_TLS
GCGGCAAAGTATTGCC-1,NO_TLS
GCGGCTCTGACGTACC-1,NO_TLS
GCGGGCGAGCCTTACC-1,NO_TLS
GCGGTTCCCTATCATG-1,NO_TLS
GCGTCCCTAAGACATA-1,NO_TLS
GCGTCTCTGCATTGGG-1,NO_TLS
GCTAACTGAAGTCTGA-1,TLS
GCTAAGTAGTTTCTCT-1,NO_TLS
GCTACGACTTATTGGG-1,NO_TLS
GCTAGCTTGAATAGCT-1,NO_TLS
GCTAGGCACCACGGAG-1,NO_TLS
GCTAGTAGAGCTTGTA-1,NO_TLS
GCTATACGTCTCGGAC-1,NO_TLS
GCTCAATGTAATACCG-1,NO_TLS
GCTCATTACTGCATGT-1,NO_TLS
GCTCCTGACATACTGG-1,NO_TLS
GCTCGGAATTTAAAGC-1,NO_TLS
GCTCTTTCCGCTAGTG-1,NO_TLS
GCTGAGGCGTGAGTAT-1,NO_TLS
GCTGCACGGTTTCTTA-1,NO_TLS
GCTGCTAAGTAGTCGA-1,NO_TLS
GCTGGCGGCGCATGCT-1,NO_TLS
GCTGTATTACTGGCCC-1,NO_TLS
GCTTAATGTAACTAAC-1,NO_TLS
GCTTCCGTCCCTAGAC-1,NO_TLS
GGAACCGTGTAAATTG-1,NO_TLS
GGAATGCGCTAGCGTG-1,NO_TLS
GGACCAACAGGATAAC-1,NO_TLS
GGACCTCTAGGCCGCC-1,NO_TLS
GGACTCGTGAGTGGTC-1,NO_TLS
GGAGACCATCTACATA-1,NO_TLS
GGAGACGACACCTTTG-1,NO_TLS
GGAGGGCTTGGTTGGC-1,NO_TLS
GGATCCGGAATATACT-1,NO_TLS
GGATCTTACTGCCCTT-1,NO_TLS
GGATCTTGACTCAACC-1,NO_TLS
GGATGCTGGCGTTCCT-1,NO_TLS
GGATTGCTGTGACTCC-1,TLS
GGATTTCACTTCTATA-1,NO_TLS
GGCAAAGGCGCCAATA-1,NO_TLS
GGCAAATTACTTTACT-1,NO_TLS
GGCAAGCCCATAGTGG-1,NO_TLS
GGCAAGGCGAAATAGC-1,NO_TLS
GGCAATAGTCAATGAG-1,NO_TLS
GGCACTCCACTGGGCA-1,NO_TLS
GGCATACAGGTAGCGG-1,NO_TLS
GGCCGAGACTCTGGTG-1,NO_TLS
GGCCGGCGTCTGCTAT-1,NO_TLS
GGCCGTTTGGGTTTCA-1,NO_TLS
GGCCTTTGCAACTGGC-1,NO_TLS
GGCGAGCGAAACGGCA-1,NO_TLS
GGCGCAGGACATCTTC-1,NO_TLS
GGCGCATGAATTGATG-1,NO_TLS
GGCGCGGAGATCTTTC-1,TLS
GGCGCGTTCGAGTTTA-1,NO_TLS
GGCGGTAGGATCATTG-1,NO_TLS
GGCGTAGGGAAAGCTG-1,NO_TLS
GGCTACTATACACTCC-1,NO_TLS
GGCTCCTCCACCTGTT-1,NO_TLS
GGCTGAAATAGCAAAG-1,NO_TLS
GGCTTTCAATAAGGGT-1,NO_TLS
GGGAACGGGAGGTTAG-1,NO_TLS
GGGAACGGTTTCAGAT-1,NO_TLS
GGGAAGACGGTCTGTC-1,NO_TLS
GGGAAGGGCTTTCTCA-1,TLS
GGGACCCGTATATCTT-1,NO_TLS
GGGAGTTAATGAGGCG-1,NO_TLS
GGGATGGTCGTAACCG-1,NO_TLS
GGGCAGACGTCACTGC-1,NO_TLS
GGGCAGAGCAATCGTT-1,NO_TLS
GGGCCCGTCTTAAACA-1,NO_TLS
GGGCCCTACGAAAGGG-1,NO_TLS
GGGCGGCAAATGAATT-1,NO_TLS
GGGCGGGTTCCCTACG-1,NO_TLS
GGGCGTCACCACGTAA-1,NO_TLS
GGGCTACTATTTCGTG-1,NO_TLS
GGGCTATGATCGATGG-1,NO_TLS
GGGCTGCCTAGGGCGA-1,NO_TLS
GGGTACTTCATGAACT-1,NO_TLS
GGGTATTCTAGCAAAC-1,NO_TLS
GGGTCACCGTGACGGT-1,NO_TLS
GGGTCAGGAGCTAGAT-1,NO_TLS
GGGTGACACCTTAACT-1,NO_TLS
GGGTTAACATTTGAGT-1,NO_TLS
GGTAACCGGGAGGATA-1,NO_TLS
GGTACAAACATGCTAT-1,NO_TLS
GGTACATCTGGGACGA-1,NO_TLS
GGTAGAAGACCGCCTG-1,NO_TLS
GGTAGACCGTTGGGCG-1,NO_TLS
GGTAGTGCTCGCACCA-1,NO_TLS
GGTCAGTGGGTCCCAC-1,NO_TLS
GGTCGGTCGTCCACAG-1,NO_TLS
GGTCGTAAGCTCGCAC-1,NO_TLS
GGTGAAGTACAGGGAT-1,NO_TLS
GGTGATAAGGAGCAGT-1,NO_TLS
GGTGCATAAATGATTA-1,NO_TLS
GGTGCTGGTACACATT-1,NO_TLS
GGTGGACTGCTCTGGC-1,NO_TLS
GGTTAGCTATATGTCT-1,NO_TLS
GGTTCGGATTATACTA-1,NO_TLS
GGTTTAATTACCATCG-1,NO_TLS
GGTTTACAATCTCAAT-1,NO_TLS
GTAACTGCCCAAGGAG-1,NO_TLS
GTAATCTGATTCTTCG-1,NO_TLS
GTACAGAGGCAAGGGT-1,NO_TLS
GTACGCTTCATTGCAC-1,NO_TLS
GTACGTTTGCCCGTCA-1,NO_TLS
GTACTGGAGTTAGACC-1,NO_TLS
GTAGACACGCCTGACT-1,NO_TLS
GTAGAGGGAGACAAGT-1,NO_TLS
GTAGCCAAACATGGGA-1,NO_TLS
GTAGCGGCTATACACT-1,NO_TLS
GTAGCTCCGGGAGGCT-1,NO_TLS
GTAGTCGCGGGAATCA-1,NO_TLS
GTAGTCTACGATATTG-1,NO_TLS
GTAGTTCGAAGGCGAA-1,NO_TLS
GTATCCTTTGGTAACC-1,NO_TLS
GTATCTTTCATAACCA-1,NO_TLS
GTATGAAATTTCACTC-1,NO_TLS
GTATTCTGAGAAACGA-1,NO_TLS
GTCAAGCGGACTCGGG-1,NO_TLS
GTCATTAGAGCGAACG-1,NO_TLS
GTCCAATATTTAGCCT-1,NO_TLS
GTCCCAACGTAAAGTA-1,NO_TLS
GTCCCGCGACGTTATG-1,NO_TLS
GTCCTACGAATAGTCT-1,NO_TLS
GTCCTACTCTACGGGC-1,NO_TLS
GTCGCCGTTGTGTGTT-1,NO_TLS
GTCGCGTAACCCGTTG-1,NO_TLS
GTCGGATATCTCAGAC-1,NO_TLS
GTCGGGAACATGGTAG-1,NO_TLS
GTCGGGAAGCAGAAAC-1,NO_TLS
GTCGTACCATCTCGGG-1,NO_TLS
GTCGTACCTACGATTG-1,NO_TLS
GTCGTATTGGCGTACA-1,NO_TLS
GTCGTTATTCGCTTAT-1,NO_TLS
GTCTACTCAATTACAA-1,NO_TLS
GTCTATCTGAGTTTCT-1,NO_TLS
GTCTATTGGTTCCGGT-1,NO_TLS
GTCTCAAGGCCCGGCT-1,NO_TLS
GTCTGGGCGGTCGAGA-1,NO_TLS
GTGAAACGGCGCCACC-1,NO_TLS
GTGAAGTCACGACTCG-1,NO_TLS
GTGACAGCTTCCCACT-1,NO_TLS
GTGACGCAGGTTTCAT-1,NO_TLS
GTGACTTCAGTAGTGC-1,NO_TLS
GTGAGGACACTTAAGG-1,NO_TLS
GTGAGTGGTACAACGC-1,NO_TLS
GTGATCATAGATCTGC-1,NO_TLS
GTGATCCTTGTCATGA-1,TLS
GTGATGCACAACATCT-1,NO_TLS
GTGATTCGCCGCTCAA-1,NO_TLS
GTGCACCAGCTTCAAC-1,NO_TLS
GTGCCATCACACGGTG-1,NO_TLS
GTGCCGCTTCAAAGGT-1,NO_TLS
GTGCGAAATCGAACAC-1,NO_TLS
GTGCGTGTATATGAGC-1,NO_TLS
GTGCTCAAGTACTGTC-1,NO_TLS
GTGCTGCAGATAAGGA-1,NO_TLS
GTGGACCAACCCGATT-1,NO_TLS
GTGGACGCATTTGTCC-1,NO_TLS
GTGGAGTCGGCGGTTG-1,NO_TLS
GTGGCAAACAGCGGCA-1,NO_TLS
GTGGGAAGACTGAATC-1,NO_TLS
GTGGGTACTGAGCGTA-1,NO_TLS
GTGGTATAGTCTGCCG-1,NO_TLS
GTGGTGGCCAAGTGAA-1,NO_TLS
GTGTATATCAGCGGGC-1,NO_TLS
GTGTGAATAACTTAGG-1,NO_TLS
GTGTTACTATGCGTCC-1,NO_TLS
GTTAAAGTAGGACTGG-1,NO_TLS
GTTAACATCACTTAAA-1,NO_TLS
GTTAAGGGTGCGATGT-1,NO_TLS
GTTACAATTGGTGACG-1,NO_TLS
GTTACCTACAACTTGC-1,NO_TLS
GTTACTTTGGGCCTAG-1,NO_TLS
GTTAGGCTACCCGTTT-1,NO_TLS
GTTATATTATCTCCCT-1,NO_TLS
GTTCGTCTAAAGAACT-1,NO_TLS
GTTGAACCGGTTCCAT-1,NO_TLS
GTTGGATTCAGTGGCT-1,NO_TLS
GTTGGATTTGCGTTGG-1,NO_TLS
GTTGGTCATGCTATCC-1,NO_TLS
GTTTACGTTCCATCTG-1,NO_TLS
GTTTCATATCGTCGCT-1,NO_TLS
GTTTCTGCAGTCTCCC-1,NO_TLS
GTTTGGCCCAAGTTAT-1,NO_TLS
GTTTGGGCTTGTGAGC-1,NO_TLS
GTTTGGGTTTCGCCCG-1,NO_TLS
GTTTGGTAGGGTCAAC-1,NO_TLS
GTTTGGTGATCGGTGC-1,NO_TLS
GTTTGTTAGCCAAGTA-1,NO_TLS
TAAACCCAGGAGGGCA-1,NO_TLS
TAAAGCGGTATTTCCA-1,NO_TLS
TAAAGCTGCAATAGGG-1,NO_TLS
TAACAGCGTTTGTGCT-1,NO_TLS
TAACATACAATGTGGG-1,NO_TLS
TAACATACACGCGATC-1,NO_TLS
TAACTCATCCGCGCGG-1,NO_TLS
TAAGCAGGCGACACGC-1,NO_TLS
TAAGGCAACATAAGAT-1,NO_TLS
TAAGGCATAACATCAA-1,NO_TLS
TAAGGCCCGTCACCCT-1,NO_TLS
TAAGTAACATCTTGAC-1,NO_TLS
TAAGTCGCCGAGTATC-1,NO_TLS
TAATAAACAAGGAGAT-1,NO_TLS
TAATAGAACAGAGTTA-1,NO_TLS
TAATTTCCGTCCAGTA-1,NO_TLS
TACAACGCACAACTCA-1,NO_TLS
TACAGAAACGGTGGGC-1,TLS
TACATAGGCATACACC-1,NO_TLS
TACATTTCTAACGTGC-1,NO_TLS
TACCAAATAGCCCAGA-1,NO_TLS
TACCAATAAAGTACCA-1,NO_TLS
TACCAGAAGTAGGTTC-1,NO_TLS
TACCGGCTCACTGCCC-1,NO_TLS
TACCGTAGGTTAACTA-1,NO_TLS
TACCGTGCCTCGGACC-1,NO_TLS
TACCTACTCCCAGTAT-1,NO_TLS
TACCTATCCCTAGAGG-1,NO_TLS
TACCTCAGTTGTCTGT-1,NO_TLS
TACCTTAAGATTTCCC-1,NO_TLS
TACGACGCTTGCTGCG-1,NO_TLS
TACGACTGCCTCTTAG-1,NO_TLS
TACGAGAACTTCACGT-1,NO_TLS
TACGATGTTGATCATC-1,NO_TLS
TACGCAGTTCTTTCCT-1,NO_TLS
TACGCCATATTCTAAT-1,NO_TLS
TACGCCGAGGGTACCC-1,NO_TLS
TACGCCTCCATTCCGA-1,NO_TLS
TACGTACTAGTGCTGA-1,NO_TLS
TACGTTTACCGGCAAT-1,NO_TLS
TACTATGGTTCCTCAG-1,NO_TLS
TACTCCTCTAGTTGAC-1,NO_TLS
TACTCGGCACGCCGGG-1,NO_TLS
TACTCTCCGAACAAAT-1,NO_TLS
TACTCTTTCGTCTTCA-1,NO_TLS
TACTGAACAGATTTAG-1,NO_TLS
TACTTTCCGCACGCCA-1,NO_TLS
TAGAAATTCACGTATA-1,NO_TLS
TAGACGAAACGCCAAT-1,NO_TLS
TAGAGATCATGCAACT-1,NO_TLS
TAGATATGGACTGGAA-1,NO_TLS
TAGCCATTTCAAAGTC-1,NO_TLS
TAGCGTTGGGTCTTAC-1,NO_TLS
TAGCTAGAAGGCATGA-1,NO_TLS
TAGCTAGTGATGATGG-1,NO_TLS
TAGCTCGCCTGATAAC-1,NO_TLS
TAGGTGTTCCACAGAT-1,NO_TLS
TAGGTTCGAGTTCGTC-1,NO_TLS
TAGTAGCTTATACCAG-1,NO_TLS
TAGTCCCGGAGACCAC-1,NO_TLS
TAGTCCGCAGAGAATG-1,NO_TLS
TAGTCTAACAACGAGA-1,NO_TLS
TATACACAGACGCCTT-1,NO_TLS
TATACGCGTCATCACT-1,NO_TLS
TATAGAGTCGCTTGAA-1,NO_TLS
TATAGCGCACGTTATC-1,NO_TLS
TATAGGGTACTCATGA-1,NO_TLS
TATATAGGGCTTTACG-1,NO_TLS
TATATATCGAGAAATG-1,NO_TLS
TATCAGTGGCGTAGTC-1,NO_TLS
TATCCAATTGGTTATC-1,NO_TLS
TATCCGCACCGTCGGG-1,NO_TLS
TATCTACCACAGCGGG-1,NO_TLS
TATGATCTTCTCTTTA-1,NO_TLS
TATGGGACCGAGCAGG-1,NO_TLS
TATGGTCTGAGTAACA-1,NO_TLS
TATGTAAAGTGCTTAA-1,NO_TLS
TATTAACCTGACCGCG-1,NO_TLS
TATTCAATTCTAATCC-1,NO_TLS
TATTCCACTCAGCTCG-1,NO_TLS
TATTCCGAGCTGTTAT-1,NO_TLS
TATTCCTCCGCCCACT-1,NO_TLS
TATTCGTGCCAGAATA-1,NO_TLS
TCAAACTTAGATTGTT-1,NO_TLS
TCAAAGAGCTATCTGT-1,NO_TLS
TCAAATTTGAGACTCA-1,NO_TLS
TCAACAAAGATAATTC-1,NO_TLS
TCAACATAGCGCCCTA-1,NO_TLS
TCAACGAGGAGACAAA-1,NO_TLS
TCAACGCAGGAAATAA-1,NO_TLS
TCAACGCGACCGGCAG-1,NO_TLS
TCAATACGCCGTCATG-1,NO_TLS
TCACAGCAAACTCGAA-1,NO_TLS
TCACAGGAGAATAAGA-1,NO_TLS
TCACAGGGAATCGCAA-1,NO_TLS
TCACCCTCTTAAGATT-1,NO_TLS
TCACGATGTCCGTGGA-1,NO_TLS
TCACGTGCCCGATTCA-1,NO_TLS
TCACTACGACCAATGC-1,NO_TLS
TCACTCGTGCAACGGC-1,NO_TLS
TCAGACGCTATAGAAG-1,NO_TLS
TCAGCAAATGCATCTC-1,NO_TLS
TCAGCAGTAGGCCCTG-1,NO_TLS
TCAGTAGGGACTATAA-1,NO_TLS
TCAGTGTATACGTCAT-1,NO_TLS
TCATATGAGCTTTGTT-1,NO_TLS
TCATCGATGGTCCCAA-1,NO_TLS
TCCAACTTTAAATTCT-1,NO_TLS
TCCAATAAAGGCTACC-1,NO_TLS
TCCACCTCTAGCCTTT-1,NO_TLS
TCCAGAGCACCGGTTC-1,NO_TLS
TCCAGGGTATATACGA-1,NO_TLS
TCCCAGCTTTAGTCTG-1,NO_TLS
TCCCGTCAGTCCCGCA-1,NO_TLS
TCCCGTGTGCAATTTG-1,NO_TLS
TCCCTTAGATTACTCG-1,NO_TLS
TCCGCCTGTCTACAAG-1,NO_TLS
TCCGCTGTCATCCCGG-1,NO_TLS
TCCGCTTATCCCATTA-1,NO_TLS
TCCGGTTCGTCCGGTC-1,NO_TLS
TCCTAAATTGGGAAGC-1,NO_TLS
TCCTAACCGTCGGGCA-1,NO_TLS
TCCTACATCCACGGCC-1,NO_TLS
TCCTAGCAAAGAAGCT-1,NO_TLS
TCCTCCTAAGACATTC-1,NO_TLS
TCCTCGGGCTGGGCTT-1,NO_TLS
TCCTGCGTTGATACTC-1,NO_TLS
TCCTTTAAATCCGCTT-1,NO_TLS
TCGAATATCCCGCAGG-1,NO_TLS
TCGAGCCAGGCAGGCC-1,NO_TLS
TCGCAAAGATGCATTT-1,NO_TLS
TCGCACCAGGAGGCAG-1,NO_TLS
TCGCCGAAGTTGCGTC-1,NO_TLS
TCGCCGCACCGCGTGA-1,NO_TLS
TCGCTAAACCGCTATC-1,NO_TLS
TCGCTACTGGCTTTGA-1,NO_TLS
TCGGACGCCCAGCCCA-1,NO_TLS
TCGGAGAGTATCGGGA-1,NO_TLS
TCGGCGTACTGCACAA-1,NO_TLS
TCGGGAGACAGCGTAC-1,NO_TLS
TCGGGATTCAAACATA-1,NO_TLS
TCGGTCCCGACAATAG-1,NO_TLS
TCGTATTACCCATTGC-1,NO_TLS
TCGTCAAGTACGCGCA-1,NO_TLS
TCGTCTTAGGCGTTAA-1,NO_TLS
TCGTGTACTATGGATG-1,NO_TLS
TCGTTAGGAGTCCCTA-1,NO_TLS
TCGTTGCTATCCGGTC-1,NO_TLS
TCTAATACTGCCTCAG-1,NO_TLS
TCTAGCAATCTCCGCC-1,NO_TLS
TCTAGCATGCCCAGAA-1,NO_TLS
TCTAGTTATCAGAAGA-1,NO_TLS
TCTATGCTATAACGAC-1,NO_TLS
TCTCATGAGATAGGGT-1,NO_TLS
TCTCCACAAGTTGAAT-1,NO_TLS
TCTCCCTGGGCAGCGT-1,NO_TLS
TCTCTTACCGCGAACC-1,NO_TLS
TCTGAAGCACGTGGTC-1,TLS
TCTGATGTATTCTGTC-1,NO_TLS
TCTGCCAGAAACTGCA-1,NO_TLS
TCTGGGTAGCGCTCAT-1,NO_TLS
TCTGTGCCATCATAGT-1,NO_TLS
TCTTCGAATAGACGTT-1,NO_TLS
TCTTGCTCCCGATACT-1,NO_TLS
TGAAAGGACCTGACTC-1,NO_TLS
TGAACAAGCAGGGACT-1,NO_TLS
TGAACTGCTATGACTT-1,NO_TLS
TGAATACCGACGCGTA-1,NO_TLS
TGAATGAGTGTTTCCC-1,NO_TLS
TGACATATATGACGAT-1,NO_TLS
TGACCAAATCTTAAAC-1,NO_TLS
TGACGAATATTTCCCT-1,NO_TLS
TGACTATAATCCTTTC-1,NO_TLS
TGAGACGTACCTCTCA-1,NO_TLS
TGAGATTAGGCCCTAA-1,NO_TLS
TGAGCCATACAGTCTC-1,NO_TLS
TGAGCGGAAAGTGTTC-1,NO_TLS
TGAGCTTTAATGACGC-1,NO_TLS
TGAGGAGTGCCAGCTT-1,NO_TLS
TGAGTAAATTAGCGTA-1,NO_TLS
TGAGTGCCTCTTAAAT-1,NO_TLS
TGATACATTTAGCCGT-1,NO_TLS
TGATTCAGGTCCCGCG-1,NO_TLS
TGATTCCCGGTTACCT-1,NO_TLS
TGATTCTGTCGCCGGT-1,NO_TLS
TGATTTATTAGCTGTG-1,NO_TLS
TGCAACCCATCTGCGG-1,TLS
TGCAATCTAACACGGT-1,TLS
TGCAGGATCGGCAAAG-1,NO_TLS
TGCATGTGGTAATCTA-1,NO_TLS
TGCCAATGGGTACTCT-1,NO_TLS
TGCCAGTACGTGGAGA-1,NO_TLS
TGCCATTACTAAAGAA-1,NO_TLS
TGCCCGTACCGTTAAA-1,NO_TLS
TGCCGGATGTACGAGC-1,NO_TLS
TGCCGTGGATCGTCCT-1,NO_TLS
TGCCTTGGCCAGGCAA-1,NO_TLS
TGCGAATATGGGATTT-1,NO_TLS
TGCGACACCCTAGTGC-1,NO_TLS
TGCGACGGCCGAACGT-1,NO_TLS
TGCGAGAATATTACCC-1,NO_TLS
TGCGCAAAGCATTTGG-1,NO_TLS
TGCGTAAGAACCTGAT-1,NO_TLS
TGCGTCATGACTGAGC-1,NO_TLS
TGCGTTTGTTGACACT-1,NO_TLS
TGCTCGGCGAAACCCA-1,NO_TLS
TGCTCGGTGGGTCACC-1,NO_TLS
TGCTCTTGAGAGTTTG-1,NO_TLS
TGCTGTTGAAGAACTC-1,NO_TLS
TGCTTCCCAAGCAGTA-1,NO_TLS
TGGACCAATCTAAGAT-1,NO_TLS
TGGACTGTTCGCTCAA-1,NO_TLS
TGGCAAACTAAATTAC-1,NO_TLS
TGGCAACTCGCGCGCC-1,NO_TLS
TGGCAAGCACAAGTCG-1,NO_TLS
TGGCAGATTACGATCA-1,NO_TLS
TGGCAGCAGTAATAGT-1,NO_TLS
TGGCCAAACTGAAGTA-1,NO_TLS
TGGCCAATTTGGTACT-1,NO_TLS
TGGCGACTGCTCCAAA-1,NO_TLS
TGGCGATCAAGTTATG-1,NO_TLS
TGGCTATGTGACATAC-1,TLS
TGGGATGCACTCATTC-1,NO_TLS
TGGGCCCATACTAATT-1,NO_TLS
TGGGCGATACAATAAG-1,NO_TLS
TGGTCCCACGCTACGG-1,NO_TLS
TGGTCTGTTGGGCGTA-1,NO_TLS
TGGTTCAACGGGTAAT-1,NO_TLS
TGTAATGACCACAATA-1,NO_TLS
TGTACCTACACGAGGG-1,NO_TLS
TGTAGTGATCTATAAT-1,NO_TLS
TGTATAACAGATCCTG-1,NO_TLS
TGTCCTAAGTCACCGC-1,NO_TLS
TGTGAGACTAGCCCAA-1,NO_TLS
TGTGCTTTACGTAAGA-1,NO_TLS
TGTGGCGGGCTTCTGG-1,NO_TLS
TGTGGTTGCTAAAGCT-1,NO_TLS
TGTGTGACCATGAATC-1,NO_TLS
TGTTATTGTATGTGGC-1,NO_TLS
TGTTCCGCTTCCATGA-1,NO_TLS
TGTTCGTATTGCGGTG-1,NO_TLS
TGTTGTCAAGAAGTCT-1,NO_TLS
TTAACTTCAGGTAGGA-1,NO_TLS
TTAAGGCCCGTACTTT-1,NO_TLS
TTAAGTATTGTTATCC-1,NO_TLS
TTAATGTAGACCAGGT-1,NO_TLS
TTAATTGCTTTGGGTG-1,NO_TLS
TTACCCTAGGGATTGG-1,NO_TLS
TTACTAAAGGACTTTA-1,NO_TLS
TTACTCCGGCCGGGAA-1,NO_TLS
TTACTGGGATATTTCA-1,NO_TLS
TTAGAAGAACATGACT-1,NO_TLS
TTAGAATAAGGGTCGG-1,NO_TLS
TTAGACGAGTCACCTC-1,NO_TLS
TTAGAGGGATATACAG-1,NO_TLS
TTAGAGTTTAGAAGGA-1,NO_TLS
TTAGGTCATAACCGAC-1,NO_TLS
TTAGTAAACCTGCTCT-1,NO_TLS
TTAGTTATTCGTGGCA-1,NO_TLS
TTATAGGTAATTGTCT-1,NO_TLS
TTATATACGCTGTCAC-1,NO_TLS
TTATCCGGGATCTATA-1,NO_TLS
TTATCCTCAAGGAATA-1,NO_TLS
TTATCTGACATTAGGA-1,NO_TLS
TTATGAATGAAAGGGA-1,NO_TLS
TTATTAGAGCGTGTTC-1,NO_TLS
TTCAAAGTCTCTAGCC-1,NO_TLS
TTCACTCGAGCACCTA-1,NO_TLS
TTCACTTCCTAGAACG-1,NO_TLS
TTCAGCCCTGGTCCAC-1,NO_TLS
TTCCAATCTGGCTATC-1,NO_TLS
TTCCACACAGATTTGA-1,NO_TLS
TTCCATCATGCGGTGA-1,NO_TLS
TTCCCGGCGCCAATAG-1,NO_TLS
TTCCGCGTGAGGCGAT-1,NO_TLS
TTCCGGCCTTGAGGCT-1,NO_TLS
TTCCGGTTACCCACTT-1,NO_TLS
TTCCTCGGACTAACCA-1,NO_TLS
TTCGACAGAGCCCGTG-1,NO_TLS
TTCGCACTGTACGACA-1,NO_TLS
TTCGCGCGCCATACGA-1,NO_TLS
TTCGGGCGCTAGTCTT-1,NO_TLS
TTCGGTACTGTAGAGG-1,NO_TLS
TTCTAGAAAGTCTTAT-1,NO_TLS
TTCTATTAAACGCAGC-1,NO_TLS
TTCTGACCGGGCTCAA-1,NO_TLS
TTCTGCCGCGCCTAGA-1,NO_TLS
TTCTGCGGGTTAGCGG-1,NO_TLS
TTCTTGAGCCGCGCTA-1,NO_TLS
TTCTTGGACGATCTGC-1,NO_TLS
TTGAACGACGTGCTGA-1,TLS
TTGAATATGGACTTTC-1,NO_TLS
TTGAATCGTTGTATAA-1,NO_TLS
TTGACATGAACGTGGA-1,NO_TLS
TTGACCAGGAACAACT-1,NO_TLS
TTGACCATGTTCTCCG-1,NO_TLS
TTGACCGTGTTAATGA-1,NO_TLS
TTGACTACCATATGGT-1,NO_TLS
TTGAGAAGTTTAGCAT-1,TLS
TTGAGAGTACTGCTAA-1,NO_TLS
TTGATTAGCTGTTTCT-1,NO_TLS
TTGCACAATTCAGAAA-1,NO_TLS
TTGCATGCTGATCACG-1,NO_TLS
TTGCCATAGCCCGCTC-1,NO_TLS
TTGCCCTGATCACGGG-1,NO_TLS
TTGCGGCATCAGAAAG-1,NO_TLS
TTGCGTCGGCCAACCG-1,NO_TLS
TTGCGTGAACGCTTAG-1,NO_TLS
TTGCTCCCATACCGGA-1,NO_TLS
TTGGAAGAATACAGTC-1,NO_TLS
TTGGACCTATAACAGT-1,TLS
TTGGATATCGTCTACG-1,NO_TLS
TTGGGCGGCGGTTGCC-1,NO_TLS
TTGGTCACACTCGTAA-1,NO_TLS
TTGGTTGCGGTGCGCG-1,NO_TLS
TTGTAAGGACCTAAGT-1,NO_TLS
TTGTAATCCGTACTCG-1,NO_TLS
TTGTACACCTCGAACA-1,NO_TLS
TTGTCACCGCGGTATC-1,NO_TLS
TTGTGAACCTAATCCG-1,NO_TLS
TTGTGCAGCCACGTCA-1,NO_TLS
TTGTGGTAGGAGGGAT-1,NO_TLS
TTGTGTATGCCACCAA-1,NO_TLS
TTGTGTTTCCCGAAAG-1,NO_TLS
TTGTTTCACATCCAGG-1,NO_TLS
TTGTTTCATTAGTCTA-1,NO_TLS
TTGTTTCCATACAACT-1,NO_TLS
